C1,C2,C3,C4,Score
#EEEEEE,#6FCF97,#2FA084,#1F6F5F,1375
#C2A56D,#547A95,#2C3947,#E8EDF2,723
#FFE8BE,#F7DD7D,#406AAF,#427AB5,702
#28396C,#EAE6BC,#F0FFC2,#B5E18B,583
#84C5B1,#ACCFA3,#F0E9B6,#744577,409
#FF0000,#BBD5DA,#DFF1F1,#F5F5F5,359
#D5E7B5,#72BAA9,#AD5C71,#934761,337
#FAFAFA,#FF6B35,#F59E0B,#0A7C6E,89
#CEE6F3,#DFA878,#BA704F,#6C3428,9992
#FFE3D8,#BBBBBB,#03506F,#0A043C,9935
#204051,#3B6978,#84A9AC,#E7DFD5,9927
#FF0060,#F6FA70,#00DFA2,#0079FF,9879
#E36387,#F2AAAA,#A6DCEF,#DDF3F5,9795
#CDFFFC,#FFC764,#FF884B,#FF577F,9793
#F5E8C7,#818FB4,#435585,#363062,9776
#95E1D3,#EAFFD0,#FCE38A,#FF75A0,9762
#EAB2A0,#A76F6F,#435B66,#2D4356,9724
#FAF4B7,#ECC5FB,#F9F9F9,#CDF0EA,9715
#FCDAB7,#1E5F74,#133B5C,#1D2D50,9656
#F6DEF6,#E5CFE5,#CFE5CF,#CFF6CF,9633
#181D31,#678983,#E6DDC4,#F0E9D2,9490
#204051,#3B6978,#84A9AC,#E4E3E3,9458
#FF2442,#FFB830,#FFEDDA,#3DB2FF,9404
#3D7EA6,#5C969E,#FFA5A5,#FCDADA,9322
#FEE440,#FF865E,#FEF9EF,#A2D2FF,9299
#6886C5,#FFACB7,#FFE0AC,#F9F9F9,9253
#FECEA8,#FF847C,#E84A5F,#2A363B,9229
#161D6F,#98DED9,#C7FFD8,#F6F6F6,9217
#008170,#005B41,#232D3F,#0F0F0F,9173
#874C62,#C98474,#F2D388,#A7D2CB,9158
#001253,#3E6D9C,#FD841F,#E14D2A,9099
#FAF4B7,#F6C6EA,#F9F9F9,#CDF0EA,9086
#141E46,#C70039,#FF6969,#FFF5E0,9053
#0A1D37,#FFBD9B,#FFD8CC,#FFEEDB,9032
#B1BED5,#BFD8D5,#DFDFDF,#F4F3F3,9023
#102C57,#DAC0A3,#EADBC8,#FEFAF6,9023
#EEEEEE,#E8D5C4,#FFF1DC,#3A98B9,8991
#EDC6B1,#B7B7B7,#7C96AB,#BFCCB5,8965
#45526C,#5AA897,#F8A488,#F8F5F1,8914
#52575D,#41444B,#DFD8C8,#CABFAB,8911
#F45050,#F9D949,#F0F0F0,#3C486B,8875
#FFDDAE,#FBFBFB,#D4F6FF,#C6E7FF,8871
#FAD6A5,#CFB997,#7B8FA1,#567189,8851
#7DB9B6,#F5E9CF,#E96479,#4D455D,8836
#C9E9D2,#FEF9F2,#FFE3E3,#789DBC,8825
#9EA1D4,#A8D1D1,#F1F7B5,#FD8A8A,8814
#000000,#146C94,#19A7CE,#F6F1F1,8801
#030303,#123458,#D4C9BE,#F1EFEC,8790
#FFD24C,#FFE69A,#FFFFFF,#92B4EC,8765
#002B5B,#EA5455,#E4DCCF,#F9F5EB,8753
#D1D9D9,#F29191,#EEC4C4,#94D0CC,8728
#000000,#0B192C,#1E3E62,#FF6500,8715
#FFF8F3,#F7E7DC,#758694,#405D72,8713
#F6E6C2,#FFAACF,#EA8FEA,#B9F3E4,8697
#35D0BA,#FFCD3C,#FF9234,#D92027,8656
#A97155,#BE8C63,#E4D1B9,#8FBDD3,8649
#E05D5D,#FFB344,#FFF8E5,#00A19D,8594
#BED1CF,#E78895,#FFE4C9,#FFF7F1,8569
#DFCDC3,#719192,#5F6769,#3C4245,8567
#F24C3D,#F29727,#F2BE22,#22A699,8546
#FFF0CE,#FFC436,#0174BE,#0C356A,8545
#D5BFBF,#8CA1A5,#6D8299,#316B83,8526
#F6D6D6,#F6F7C4,#A1EEBD,#7BD3EA,8510
#B8001F,#FCFAEE,#507687,#384B70,8492
#A6A9B6,#C9CBFF,#EFF8FF,#FFE5B9,8482
#FFEAEA,#F5CBCB,#748DAE,#9ECAD6,8482
#FFF591,#A3F7BF,#05DFD7,#FA26A0,8473
#FFBDBD,#FFA4A4,#BADFDB,#FCF9EA,8444
#FFF4CF,#FFCB42,#FFB200,#277BC0,8426
#F3ECB8,#F5CAB3,#A8D3DA,#B590CA,8345
#FBF3B9,#FFDCCC,#FDB7EA,#B7B1F2,8264
#F57170,#F5F5F5,#10DDC2,#15B7B9,8212
#ECDBBA,#C84B31,#2D4263,#191919,8175
#AD8E70,#FFEBB7,#FF6E31,#243763,8173
#14B1AB,#F3ECC2,#F9D56E,#E8505B,8155
#F76B8A,#FCFEFE,#EAF6F6,#66BFBF,8141
#8B322C,#DD5746,#FFC470,#4793AF,8140
#F1F1F1,#E2DCC8,#0F3D3E,#100F0F,8131
#BFCFFF,#C8E7ED,#FFFFC2,#FFA5A5,8072
#00303F,#CDAC81,#CAE4DB,#F5F4F4,8068
#FF9E9E,#FFCAC8,#F8F988,#C0EEE4,8053
#00A8CC,#005082,#000839,#FFA41B,8052
#A7FFE4,#FFD6EC,#FFA1CF,#FF74B1,8037
#F8F1F1,#E8AA42,#E57C23,#025464,8014
#2B4F60,#BDC7C9,#EAD3CB,#845460,8013
#A4B494,#519872,#3B5249,#382933,7989
#8FC1D4,#FCDEC0,#C68B59,#865439,7976
#FFF9DE,#FFD3B0,#FF6969,#A6D0DD,7966
#8BCDCD,#E5EDB7,#FAF0AF,#F1C5C5,7954
#625772,#F9A1BC,#FEFAEC,#A9EEE6,7913
#74C7B8,#FFCDA3,#EE9595,#EF4F4F,7907
#31326F,#9DDFD3,#DBF6E9,#FFDADA,7880
#FA4659,#F0FFF3,#C6F1E7,#11CBD7,7876
#FFF1D5,#BDDDE4,#9EC6F3,#9FB3DF,7872
#E5D283,#4F709C,#213555,#F0F0F0,7863
#212121,#0D7377,#32E0C4,#EEEEEE,7858
#ECECEC,#C1A57B,#30475E,#222831,7850
#FFA372,#ED6663,#43658B,#4E89AE,7850
#22A39F,#222222,#434242,#F3EFE0,7846
#E6E2C3,#88A47C,#227C70,#1C315E,7839
#F05945,#5EAAA8,#A3D2CA,#F7F3E9,7821
#B67352,#ECB159,#FEFBF6,#8CB9BD,7820
#E3BEC6,#EFDAD7,#9AD0EC,#1572A1,7814
#D71313,#F0DE36,#EEEDED,#0D1282,7782
#898AC4,#A2AADB,#C0C9EE,#FFF2E0,7760
#8F8787,#EBCBAE,#F9F9F9,#A6E4E7,7659
#625772,#F38181,#FEFAEC,#A9EEE6,7635
#89CFFD,#FBDF07,#FF7F3F,#F94892,7623
#F8F1F1,#FFA62B,#DB6400,#16697A,7621
#EEEEEE,#AAD8D3,#00ADB5,#393E46,7583
#B22727,#EE5007,#F8CB2E,#006E7F,7570
#8E7DBE,#A6D6D6,#F4F8D3,#F7CFD8,7510
#FDCEB9,#D885A3,#7897AB,#655D8A,7509
#1A1C20,#CF7500,#F0A500,#F4F4F4,7455
#2C4E80,#00215E,#FFC55A,#FC4100,7442
#7EACB5,#FFF4EA,#FADFA1,#C96868,7432
#F3AA60,#EF6262,#468B97,#1D5B79,7413
#ABC2E8,#DBC6EB,#D1EAA3,#EFEE9D,7408
#80FFDB,#64DFDF,#6930C3,#252525,7394
#1B2021,#EAC8AF,#D8AC9C,#5F939A,7390
#F9F3EF,#D2C1B6,#456882,#1B3C53,7376
#B1AFFF,#BBE9FF,#FFFED3,#FFE9D0,7346
#3468C0,#86A7FC,#FFDD95,#FF9843,7301
#FDE5D4,#D6CC99,#445D48,#001524,7273
#2E3840,#FF0303,#F9DBBB,#4E6E81,7267
#DD2C00,#FF5722,#B2EBF2,#00BCD4,7243
#FC7300,#BFDB38,#1F8A70,#00425A,7233
#FFD523,#B2B1B9,#595260,#2C2E43,7232
#E78F81,#FFCFB3,#FFF5CD,#B7E0FF,7224
#114E60,#F5CEBE,#F4EEE8,#325288,7210
#355C7D,#C06C84,#F67280,#F8B195,7197
#4D96FF,#6BCB77,#FFD93D,#FF6B6B,7197
#BE79DF,#FBCFFC,#FFFFFF,#CFF1EF,7185
#EFEFEF,#F66B0E,#205375,#112B3C,7177
#FFEEBB,#A7ECEE,#99DBF5,#9AC5F4,7136
#FFC898,#FFDEFA,#CDF2CA,#F9F3DF,7121
#FFC436,#337CCF,#1450A3,#191D88,7120
#DC5F00,#373A40,#686D76,#EEEEEE,7102
#F9F9E0,#FF9EAA,#FFD0D0,#3AA6B9,7093
#EAEAEA,#B2B2B2,#3C4048,#00ABB3,7091
#E1D7B7,#1E2A5E,#55679C,#7C93C3,7080
#CB6040,#FD8B51,#F2E5BF,#257180,7061
#4797B1,#C5ECBE,#F7F3CE,#FFDEDE,7038
#374259,#545B77,#5C8984,#F2D8D8,7031
#EFEFEF,#FFC947,#185ADB,#0A1931,7028
#EAE7C6,#BCCC9A,#C37B89,#D1E8E4,6988
#92BA92,#78938A,#525E75,#F1DDBF,6946
#222831,#393E46,#32E0C4,#EEEEEE,6941
#0061A8,#2978B5,#8AB6D6,#FBE0C4,6925
#0C1844,#C80036,#FF6969,#FFF5E1,6887
#235952,#FFC8BD,#FFEBD9,#ECFBFC,6851
#105652,#FBF3E4,#DFD8CA,#B91646,6850
#1D4D4F,#357376,#6BA8A9,#E5DFDF,6847
#30475E,#BA6B57,#F1935C,#E7B2A5,6841
#1A0841,#4F9DA6,#FFAD5A,#FF5959,6838
#E3D0B9,#E1BC91,#C19277,#62959C,6822
#FF4A4A,#FF9551,#6FEDD6,#B9FFF8,6807
#C69749,#735F32,#282A3A,#000000,6807
#132743,#407088,#70ADB5,#FFCBCB,6792
#FFE3DE,#A3DDCB,#03506F,#0A043C,6739
#FFEED9,#39A7FF,#87C4FF,#E0F4FF,6735
#F7E9E3,#FFC0C2,#6DC9C8,#0E3150,6722
#30E3DF,#FCE22A,#F94A29,#D61355,6716
#10375C,#EB8317,#F3C623,#F4F6FF,6714
#F1EEE9,#EC994B,#73777B,#15133C,6691
#FF7BA9,#FFBED8,#C1F4C5,#65C18C,6674
#FFDEDE,#FF8551,#9BCDD2,#FAF0E4,6669
#C2F0FC,#FFFFFF,#FFB0CD,#FFD1BD,6664
#E5707E,#E6B566,#E8E9A1,#A3DDCB,6657
#C64756,#FAD586,#96BB7C,#184D47,6630
#343F56,#F54748,#FB9300,#F5E6CA,6602
#FD6F96,#FFEBA1,#95DAC1,#6F69AC,6590
#40BFC1,#F5F0E3,#FF6F5E,#F0134D,6587
#141E46,#BB2525,#FF6969,#FFF5E0,6580
#CD1818,#4E3636,#321E1E,#116D6E,6574
#E1E8EB,#FFC107,#7952B3,#343A40,6560
#EEEEEE,#D8D2CB,#398AB9,#1C658C,6553
#FFBBBB,#FFE4C0,#F0FFC2,#BFFFF0,6546
#73C7C7,#A6F1E0,#F4F8D3,#F7CFD8,6514
#000000,#0C4271,#0A81AB,#F9DFDC,6502
#B2AB8C,#DBE6FD,#47597E,#293B5F,6450
#F5EFE6,#B4CDE6,#628E90,#3C2317,6448
#FFEB00,#577BC1,#344CB7,#000957,6448
#FF4E88,#FF8C9E,#FFDA76,#B4D6CD,6415
#F1F0C0,#B7E5DD,#B1BCE6,#9A86A4,6413
#FEF5AC,#97D2EC,#5F6F94,#25316D,6411
#FFE1AF,#A2CDCD,#D57E7E,#C6D57E,6406
#389393,#FA7F72,#F5A25D,#EBEBEB,6403
#F6F4F0,#79D7BE,#4DA1A9,#2E5077,6400
#D8D8D8,#E49393,#408E91,#245953,6388
#F5A7A7,#F9D89C,#82C4C3,#BC658D,6373
#F1E0AC,#98B4AA,#74959A,#495371,6327
#E5E5E5,#DECDC3,#EA5455,#2D4059,6326
#FFF5DE,#C6B4CE,#9B72AA,#3C5186,6299
#4F091D,#DD4A48,#F5EEDC,#97BFB4,6289
#EEEEEE,#E1D4BB,#CBB279,#537188,6282
#89C9B8,#84A9AC,#D9ADAD,#DDDDDD,6264
#FEE2C5,#001D6E,#7FB5FF,#C4DDFF,6261
#FEFECC,#F3BDA1,#687980,#02475E,6228
#F5F5F5,#D3D4D8,#3FBAC2,#4D606E,6217
#0D9276,#BBE2EC,#FFF6E9,#40A2E3,6213
#E67A7A,#FFEBB7,#FFF4E1,#9DDCDC,6199
#CCEEBC,#8CC0DE,#FFD9C0,#FAF0D7,6196
#000000,#4A70A9,#8FABD4,#EFECE3,6192
#EEEEEE,#00ADB5,#3A4750,#303841,6191
#142D4C,#385170,#9FD3C7,#ECECEC,6171
#19D3DA,#373A40,#686D76,#EEEEEE,6171
#A10035,#FEC260,#3FA796,#2A0944,6168
#F8B500,#5C636E,#393E46,#F7F7F7,6160
#FAEF5D,#FF004D,#7E2553,#1D2B53,6155
#41444B,#52575D,#FDDB3A,#F6F4E6,6140
#63B7AF,#347474,#35495E,#EE8572,6138
#F5A962,#3C8DAD,#125D98,#DDDDDD,6137
#66BFBF,#056674,#FF4B5C,#E0ECE4,6134
#756C83,#F38181,#B9E1DC,#FBFBFB,6125
#E5C3A6,#7C81AD,#4B527E,#2E4374,6124
#E6D5B8,#99A8B2,#1F6F8B,#1C2B2D,6111
#005C78,#006989,#F3F7EC,#E88D67,6073
#D7F8F7,#BEE4D2,#FAB2AC,#EDA1C1,6050
#100303,#95389E,#43D8C9,#F7F7F7,6028
#1AA6B7,#FF414D,#F56A79,#D9ECF2,6020
#FF7E67,#006A71,#68B0AB,#ECF4F3,6009
#EAE0CF,#94B4C1,#547792,#213448,5986
#EE6F57,#00334E,#145374,#F6F5F5,5975
#F6F54D,#FEB139,#F55353,#143F6B,5963
#FD5F00,#F6F6E9,#005792,#13334C,5960
#6895D2,#FDE767,#F3B95F,#D04848,5952
#998CEB,#77E4D4,#B4FE98,#FBF46D,5951
#D6D5A8,#816797,#51557E,#1B2430,5948
#AED8CC,#CD6688,#7A316F,#461959,5941
#FFF8DE,#D0E8C5,#C5D3E8,#A6AEBF,5923
#C8F2EF,#C3DBD9,#CDB699,#BB6464,5917
#F6995C,#51829B,#9BB0C1,#EADFB4,5910
#DDA853,#183B4E,#27548A,#F5EEDC,5900
#FECEA8,#FF847B,#E84A5F,#2A363B,5895
#EA5455,#F6F6F6,#FFB400,#2D4059,5889
#5E6073,#89A3B2,#B2D3BE,#F2F4D1,5888
#FFF4B7,#006A67,#003161,#000B58,5880
#D3DAD9,#715A5A,#44444E,#37353E,5863
#CFAB8D,#D9C4B0,#ECEEDF,#BBDCE5,5862
#5E616A,#E8AA8C,#E2DCD5,#F9F3E6,5859
#D67BFF,#FFB6D9,#FEFFAC,#45FFCA,5842
#FFBB91,#065C6F,#64958F,#FAF3DD,5824
#D2C1B6,#456882,#234C6A,#1B3C53,5820
#606676,#708871,#BEC6A0,#FEF3E2,5801
#D61C4E,#FEDB39,#1CD6CE,#293462,5796
#635666,#839AA8,#AEDBCE,#D3EBCD,5795
#F18C8E,#F0B7A4,#F1D1B5,#305F72,5781
#EB5E0B,#5EAAA8,#A3D2CA,#F8F1F1,5777
#FF6363,#FAF5E4,#F8B400,#125B50,5737
#88E1F2,#FFD082,#FF7C7C,#21243D,5733
#F87474,#FFB562,#3AB0FF,#F9F2ED,5719
#F39422,#537EC5,#293A80,#010038,5716
#8BACAA,#B04759,#E76161,#F99B7D,5699
#98DFD6,#FFDD83,#E21818,#00235B,5667
#00A1AB,#00263B,#6F0000,#FF5200,5649
#F55050,#F48484,#E8D2A6,#86A3B8,5647
#3F7B70,#265A5C,#113C4A,#DDDDDD,5617
#679B9B,#AACFCF,#D291BC,#FFCBCB,5617
#80D6FF,#EDF798,#FAB57A,#F06868,5595
#C1A1D3,#0D335D,#1A508B,#FFF3E6,5594
#FF5F40,#FFC7C7,#6EBFB5,#24A19C,5588
#CBDCEB,#6D94C5,#E8DFCA,#F5EFE6,5585
#FFAA4C,#5089C6,#035397,#001E6C,5579
#DBD3D3,#EC8305,#024CAA,#091057,5563
#637A9F,#C9D7DD,#FFF3CF,#E8C872,5550
#FAFBA4,#ECA0B6,#A1E6E3,#D7FFFD,5547
#EEEEEE,#FD7014,#393E46,#222831,5546
#BB2205,#F6830F,#0E918C,#D2D3C9,5531
#F4EBD3,#DED3C4,#98A1BC,#555879,5516
#99DDCC,#FF5DA2,#9C19E0,#000D6B,5506
#1A3263,#F5564E,#FAB95B,#E8E2DB,5493
#3B4A6B,#22B2DA,#F0D43A,#F23557,5489
#FEAE6F,#F6DCAC,#028391,#01204E,5485
#E55604,#26577C,#B4B4B3,#EBE4D1,5480
#243A73,#A5BECC,#F2EBE9,#7C3E66,5465
#000000,#59CE8F,#E8F9FD,#FF1E00,5448
#048998,#3BB4C1,#E3E3E3,#F6F5F5,5444
#488B8F,#5EA3A3,#ADD2C9,#FAF9F9,5438
#EAE7E7,#F9F8EB,#76B39D,#155E63,5428
#F67575,#FFA34D,#D4F8E8,#1EB2A6,5424
#EFECEC,#62929A,#5C5757,#363434,5398
#8566AA,#6983AA,#8EC6C5,#F4F4F4,5385
#F19584,#FEA386,#F6E4C4,#29C6CD,5383
#FFF8A6,#FFD19A,#FFC5A1,#B0DEFF,5379
#064232,#568F87,#F5BABB,#FFF5F2,5371
#FCD900,#E8630A,#035397,#001E6C,5369
#2F3645,#939185,#E6B9A6,#EEEDEB,5361
#00C9B1,#005D6C,#00043C,#FFA3AC,5344
#F56D91,#F7F5F2,#DFDFDE,#8D8DAA,5342
#27253D,#326765,#7DA87B,#F5F5C6,5337
#F7D716,#EC9B3B,#F24C4C,#293462,5332
#93ABD3,#EDF285,#FD8C04,#EC5858,5330
#0A97B0,#4CD3C2,#F54291,#FAEEE7,5312
#424242,#229799,#48CFCB,#F5F5F5,5312
#476269,#40A798,#F1F1F1,#F5E1DA,5309
#4F8A8B,#EA907A,#FFCB74,#F4F6FF,5308
#024249,#16817A,#FA744F,#F79071,5303
#D8EFF0,#B0E0A8,#F0F69F,#F3C1C6,5292
#10375C,#127681,#F3C623,#F4F6FF,5290
#FFEBD3,#264E70,#679186,#FFB4AC,5289
#132743,#D7385E,#EDC988,#F8EFD4,5284
#D92027,#F37121,#F4EA8E,#5FDDE5,5283
#F6FFA6,#F3BCC8,#E893CF,#9376E0,5256
#3090A1,#7BCECC,#FEF8E6,#BC5148,5248
#D3C09A,#DBE3E5,#F3E6E3,#776D8A,5233
#343F56,#387C6D,#E9896A,#F8F5F1,5229
#EAFFF7,#AFFFDF,#49BEB7,#FC345C,5220
#E5FBB8,#F5E79D,#FE9898,#B980F0,5219
#50C4ED,#387ADF,#333A73,#FBA834,5211
#3D0240,#137083,#B7B7B7,#FAE3E3,5202
#E8F044,#DC2ADE,#323EDD,#4D089A,5187
#F7BE16,#00818A,#216583,#293462,5178
#FACF5A,#F95959,#455D7A,#233142,5167
#005086,#318FB5,#F7D6BF,#B0CAC7,5165
#FFF80A,#FEB139,#D61C4E,#293462,5149
#CFFDF8,#65C0BA,#216583,#F76262,5145
#FF8364,#FFB677,#5F6CAF,#EDF7FA,5131
#FBD46D,#4F8A8B,#222831,#EEEEEE,5109
#F0C9C9,#F1F0CF,#B6E6BD,#4BAEA0,5107
#F9E8C9,#98ABEE,#1D24CA,#201658,5106
#8879B0,#FBA1A1,#FBC5C5,#377D71,5103
#EFD510,#F2910A,#E94822,#2C2D34,5093
#FAEA48,#FBB454,#F637EC,#3330E4,5073
#00C1D4,#EEEEEE,#F8485E,#512D6D,5048
#FCD2C2,#FFBBBB,#0B3846,#294A66,5047
#E8D5B7,#F9B248,#FC3A52,#0E2431,5047
#7BD3EA,#A1EEBD,#F6F7C4,#F6D6D6,5041
#FFEB99,#A4C5C6,#D4EBD0,#856C8B,5035
#EA97AD,#045762,#4E8D7C,#F3F2DA,5026
#FF9B6A,#FF5151,#161E54,#88E0EF,5014
#F1E7B6,#FE346E,#400082,#00BDAA,5013
#FF8364,#FFB677,#FFD98E,#6BD5E1,5004
#536493,#D4BDAC,#FFF1DB,#EF5A6F,4995
#BE3D2A,#E78B48,#F5C45E,#102E50,4991
#CCF0E1,#F8FAB8,#F8DC88,#F76A8C,4989
#E4F9FF,#0FABBC,#12CAD6,#FA163F,4978
#002379,#FF5F00,#FF9F66,#FFFAE6,4976
#283E56,#1989AC,#FEF4E8,#970747,4968
#FDCB9E,#00B7C2,#0F4C75,#1B262C,4964
#C4FB6D,#76EAD7,#393E46,#EEEEEE,4959
#FFD6D6,#FCA7A7,#FC624D,#18587A,4950
#66CCCC,#CC0066,#FF6666,#FFCC00,4950
#FF7777,#D800A6,#400D51,#31E1F7,4940
#476268,#40A798,#F1F1F1,#F5E1DA,4929
#F0F0F0,#F1D00A,#3E497A,#21325E,4927
#080202,#73BBC9,#F1D4E5,#FCE9F1,4921
#F7E987,#5B9A8B,#445069,#252B48,4921
#ED1250,#FBC99D,#FFF6DA,#042F4B,4916
#EE8572,#D4F3EF,#ABF0E9,#63B7AF,4910
#A9FFFD,#9399FF,#FF80B0,#FFC7C7,4902
#085F63,#49BEB7,#F1F1F1,#F5E1DA,4893
#173B45,#B43F3F,#FF8225,#F8EDED,4889
#FFA372,#ED6663,#0F4C81,#1B262C,4868
#FFDA78,#FF7F3E,#2A629A,#003285,4867
#FFCDCD,#FFE6EB,#005792,#D1F4FA,4858
#F60C86,#FFF6A2,#9FEED1,#11CBD7,4848
#305973,#EF7E56,#DED5C4,#F9F9F9,4840
#F2F7A1,#46C2CB,#6D67E4,#453C67,4835
#ECECEC,#F5D061,#E6AF2E,#282F44,4830
#B2F9FC,#D5D5D5,#9D84B7,#091353,4824
#E4F9FF,#0FABBC,#12CAD6,#FA1616,4807
#012443,#B61919,#FF6B6B,#FDD2BF,4793
#D8D8D8,#647E68,#562B08,#182747,4781
#ECECEC,#F2A365,#30475E,#222831,4775
#3F3697,#344FA1,#3D84B8,#F0EBCC,4770
#FBEAD1,#F5D9D9,#FCEAEA,#5BA19B,4766
#FF0063,#FFFFFF,#EAF6F6,#66BFBF,4753
#7EA1FF,#FFD1E3,#FFFAB7,#5BBCFF,4744
#0F1123,#4E3D53,#A98B98,#A6F0C6,4742
#FFD8D8,#E99B9B,#50595C,#302939,4737
#FED1EF,#1C6DD0,#A3E4DB,#FFF8F3,4730
#96D1C7,#F5C3BC,#E89DA2,#C9485B,4726
#FFDC7F,#78B7D0,#227B94,#16325B,4724
#9FB4FF,#99FFCD,#FFF56D,#FFD36E,4712
#FCF2DB,#FFC5E6,#DCAEE8,#6EFFBF,4707
#5B2E35,#34A7B2,#F5E4C3,#F59AA3,4707
#DF2E2E,#F6D167,#FFF7AE,#297F87,4704
#FF1E1E,#FFFF00,#31C6D4,#00FFD1,4703
#FDE9C9,#EA5455,#2D4059,#343434,4690
#440047,#E11D74,#91D18B,#FBECEC,4687
#000000,#5C2E7E,#4C6793,#8BBCCC,4687
#FFA1AC,#FFE0A3,#FFF6BE,#B7FBFF,4686
#B06161,#DC8686,#F0DBAF,#7ED7C1,4677
#2A3663,#B59F78,#D8DBBD,#FAF6E3,4665
#E9F6FF,#280274,#3652AD,#FE7A36,4652
#FDDEDE,#F5FEC0,#CAF2D7,#60A9A6,4642
#FFE867,#10316B,#0B409C,#F2F7FF,4630
#95E1D3,#D6F7AD,#FCE38A,#F38181,4622
#E4E4E4,#044343,#045757,#222222,4618
#FB88B4,#F9F07A,#B7C9F2,#9195F6,4618
#F0EBCC,#3EDBF0,#77ACF1,#04009A,4606
#FFE5B4,#E8AA42,#1F4690,#231955,4585
#FDE9C9,#FCC29A,#13829B,#29D2E4,4580
#8CA9FF,#AAC4F5,#FFF8DE,#FFF2C6,4576
#FFFFDF,#3A718C,#5EA3A6,#F0BEBE,4566
#FF5959,#FACF5A,#49BEB7,#085F63,4564
#F4E185,#F3950D,#CD1818,#0F2C67,4558
#FF5126,#FCEDDA,#B6D7DE,#DAEBEE,4551
#4C8492,#F09C67,#F7E0A3,#FFFDE8,4550
#FFD28F,#FFE3BB,#B4BDFF,#83A2FF,4543
#F2855E,#D7EEF2,#F6F6E9,#194769,4539
#F3F0CA,#E1AA74,#3876BF,#192655,4520
#FFDB00,#FF8F00,#AF47D2,#26355D,4520
#72D6C9,#FFC785,#DF7599,#7189BF,4507
#B30753,#E41655,#280F34,#BFF4ED,4504
#89BEB3,#E8E8E8,#A6A6A4,#625261,4499
#F0ECE2,#ACDBDF,#69779B,#010101,4497
#DDA853,#183B4E,#27548A,#F3F3E0,4497
#07031A,#4F8A8B,#FBD46D,#F4F6FF,4496
#FF1818,#FFC300,#ECECEC,#5463FF,4489
#F6318C,#FFF2BE,#A0EECC,#36D1C4,4449
#EAE4DD,#E1D7C6,#CDC2A5,#295F98,4447
#FFD6A4,#FDE9DF,#FFFDFB,#0881A3,4442
#FFC54D,#BD4291,#F94C66,#53BF9D,4442
#F1E9E5,#B4B897,#368B85,#464660,4438
#BF1363,#DEEEEA,#39A6A3,#231E23,4418
#07031A,#4F8A8B,#B1B493,#FFCB74,4416
#1F316F,#1A4870,#5B99C2,#F9DBBA,4409
#516BEB,#84DFFF,#FFFCDC,#EDD2F3,4401
#9B3675,#9ECCA4,#CEE6B4,#1F441E,4394
#F3F3F3,#C5E898,#29ADB2,#0766AD,4389
#0B8494,#125B9A,#F05A7E,#FFBE98,4388
#EBE645,#577BC1,#344CB7,#000957,4380
#FE8A71,#F6CD61,#3DA4AB,#0E9AA7,4371
#FBF6E2,#ECCEAE,#E68369,#131842,4371
#F96E2A,#FBF8EF,#C9E6F0,#78B3CE,4363
#048998,#3BB4C1,#E9E4E6,#F6F5F5,4351
#FFF4B5,#FFD7C4,#C4D7FF,#87A2FF,4350
#CB0404,#F4631E,#FF9F00,#309898,4341
#FFF2EF,#FFDBB6,#F7A5A5,#5D688A,4331
#E3DFC8,#F5F1DA,#00416D,#F8BD7F,4327
#DECE9C,#20615B,#1A1831,#A21232,4324
#29C7AC,#C02739,#84142D,#54123B,4317
#FFF200,#F5F5F5,#D6E6F2,#303481,4303
#EEEEEE,#B55400,#393E46,#222831,4302
#604CC3,#80C4E9,#FFF6E9,#FF7F3E,4302
#BCDBDF,#40A8C4,#235784,#F7AA00,4298
#CDD5E0,#89A4C7,#4E709D,#F5B17B,4277
#FF5959,#FACF5A,#4F9DA6,#233142,4267
#DB6400,#5EAAA8,#A3D2CA,#F8F1F1,4255
#FCE8D5,#FFD3E1,#0A97B0,#1B6CA8,4253
#FFC374,#F9E897,#7F9F80,#124076,4248
#F7BE16,#EC9B3B,#00818A,#293462,4247
#2C2C2C,#FF5F5F,#83FFE6,#FCFCFC,4239
#B7EFCD,#4CD3C2,#363636,#FFBCBC,4238
#6EF7C8,#5CC1B3,#757882,#FF6473,4223
#3B9797,#16476A,#132440,#BF092F,4219
#A19AD3,#A1D6CB,#FFF574,#FF8383,4216
#FEDDBE,#FFC947,#185ADB,#0A1931,4209
#BDE6F1,#FFE59D,#EEB0B0,#7D1E6A,4209
#F0EEC8,#00B7A8,#096386,#0C084C,4208
#E38E49,#0A3981,#1F509A,#D4EBF8,4191
#141E46,#41B06E,#8DECB4,#FFF5E0,4189
#EAEAEA,#00D1CD,#F30067,#444444,4184
#F6F5F5,#E3C4A8,#4592AF,#33313B,4183
#EA5B6F,#FF894F,#FFCB61,#77BEF0,4181
#4158A6,#179BAE,#F1DEC6,#FF8343,4166
#C449C2,#FFCEAD,#FFF5AB,#867AE9,4162
#FFCEBB,#DE88A5,#655989,#7A9EAF,4159
#FEFFE0,#C8E4FE,#A5AEFF,#6B76FF,4142
#EB55BF,#B292EA,#8BDBF5,#F1FFD9,4134
#FFBCBC,#B7EFCD,#99D8D0,#363636,4106
#DD9866,#8F384D,#5C6E91,#EEEDED,4095
#F2F2F2,#F96D00,#393E46,#222831,4094
#FFEDF3,#ADEED9,#56DFCF,#0ABAB5,4090
#ED6363,#3C6562,#00454A,#003545,4084
#EF4339,#FF9D76,#FFDBC5,#51EAEA,4084
#FF9D3D,#FFBD73,#FEEE91,#C4E1F6,4076
#007944,#71A95A,#FFBBB4,#F35588,4075
#FFDAB9,#FA8072,#0F52BA,#002366,4075
#FFF1C1,#F76262,#216583,#293462,4068
#EEEEEE,#EA9215,#3A4750,#303841,4053
#1C2938,#CD3F3E,#FF9C91,#F4F6F6,4039
#FFFDAF,#00FAAC,#FF3796,#302387,4034
#446878,#13445A,#FEF4E8,#970747,4028
#1B4D3E,#F1E3D3,#E07A5F,#690B22,4027
#0F4137,#12776F,#F9C7CF,#E7F5F2,4017
#FF89C0,#E3FFC3,#6DF1CC,#2FC5CC,4012
#F17808,#E71414,#12947F,#2FC4B2,3999
#EF4B4B,#EC8F6A,#F2E3C9,#7ECFC0,3996
#EDE862,#FA9856,#F27370,#22559C,3995
#E5E5E5,#F8B24F,#EA9A96,#303960,3984
#FDF6F6,#A5E9E1,#388186,#2E2B2B,3979
#FFFD8C,#97FFF4,#7091F5,#793FDF,3977
#F8F5E4,#F7C04A,#3F497F,#539165,3970
#F6F5F1,#FAE0DF,#898B8A,#16A596,3962
#FF7F50,#404969,#BDE4F4,#E0FCFF,3958
#9DE3D0,#BAF1A1,#E8F9E9,#F688BB,3950
#C2DBC1,#F6F6E3,#DF6A6A,#6C5070,3948
#DEF4F0,#74D4C0,#D9455F,#9A1F40,3945
#F8EEEE,#AEEFEC,#F78259,#EB4559,3937
#FC5185,#364F6B,#43DDE6,#F0F0F0,3919
#F6F5F5,#FFE3CA,#EE99C2,#0C359E,3904
#353940,#3E92A3,#DFE0D4,#FF5335,3902
#8D77AB,#F9F6E6,#E1EACD,#BAD8B6,3901
#D2C4B4,#F3E3D0,#AACDDC,#81A6C6,3900
#A084CF,#9DD6DF,#F7E2D6,#DFBB9D,3894
#FDF4E3,#FEB21A,#ED3F27,#134686,3893
#4D3664,#BAB5F6,#CFCBF1,#E1FFCF,3890
#17313E,#415E72,#C5B0CD,#F3E2D4,3885
#F2B4B4,#B7657B,#8F4F4F,#78C4D4,3882
#CF0000,#890596,#1CC5DC,#F5F7B2,3880
#F3E8DF,#E8D1C5,#57595B,#452829,3878
#B000B9,#FF5F7E,#FFAB4C,#142F43,3872
#014955,#1687A7,#E4D1D3,#DD0A35,3869
#F2F2F2,#F96D00,#5C636E,#393E46,3867
#98DED3,#F0E3C4,#ECCFD1,#DE5B7B,3863
#FFAFB0,#FC7978,#96D1C7,#5EB7B7,3859
#EEE6CE,#2EB086,#B8405E,#313552,3848
#EEEEEE,#34B3F1,#000000,#F15412,3848
#C1AEFC,#D1FFF3,#BEF0CB,#F6F7C1,3846
#FF9149,#FFECDB,#AFDDFF,#60B5FF,3840
#0F2167,#3559E0,#4CB9E7,#FFECD6,3838
#8C54A1,#AEA1EA,#B2EBF9,#FAFBD4,3837
#FFE5B4,#FFA500,#3A5BA0,#1F4690,3824
#FFF48F,#4EA0AE,#394989,#3B2E5A,3823
#BBF1FA,#51C2D5,#663F3F,#EC4646,3822
#2A363B,#EB4A5F,#FF847C,#FECEAB,3821
#000000,#273F4F,#EFEEEA,#FE7743,3820
#BA6C65,#F2BE8D,#394359,#303242,3818
#ACD3A8,#8AB2A6,#3E3F5B,#F6F1DE,3811
#FFC045,#0A91AB,#065471,#0C2233,3810
#1A3263,#F16821,#FAB95B,#E8E2DB,3805
#295E6A,#DFEFF0,#F6F6F6,#C2FAF1,3801
#3CCF4E,#D4F6CC,#EF5B0C,#003865,3799
#FFF2DB,#FFAB5B,#00879E,#003092,3798
#F7B633,#5893D4,#1F3C88,#070D59,3794
#FF7070,#965F8A,#4F5E7F,#4AC6B7,3788
#F8E559,#864AF9,#3B3486,#332941,3778
#337357,#FFD23F,#EE4266,#5E1675,3778
#2E383F,#07617D,#ECECEB,#F9A828,3775
#4A0E5C,#7C4789,#BCA3CA,#CCF0C3,3775
#FF7F3E,#FFF6E9,#80C4E9,#4335A7,3775
#45474B,#379777,#F4CE14,#F5F7F8,3772
#C5E5E3,#F0F1B3,#BAE2BE,#A3A7E4,3766
#E0E0EC,#DECDC3,#5C848E,#1D2323,3758
#F0F0DB,#E1D9BC,#ACBAC4,#30364F,3756
#E55807,#7E1717,#068DA9,#ECF8F9,3744
#4F81C7,#64C4ED,#FCFAFA,#F0D78C,3742
#77628C,#71A0A5,#ACC6AA,#EEEEEE,3733
#99DDCC,#FF5DA2,#B643CD,#35013F,3730
#D3A284,#E5E5E5,#58727F,#83AFA6,3714
#A149FA,#3B44F6,#3EC70B,#F7EC09,3714
#586B8F,#ADDCE4,#FEFFEA,#FFED78,3713
#415865,#7A9EB1,#FFE1B6,#F9F8EB,3701
#F6BA6F,#6DA9E4,#ADE4DB,#FFEBEB,3693
#954C2E,#131D4F,#254D70,#EFE4D2,3690
#EEF3D2,#B689C0,#947EC3,#6A67CE,3687
#FCF5B0,#F09595,#9DD8C8,#36B5B0,3683
#F34573,#2A6171,#75CAC3,#D7F7F5,3681
#204969,#DADADA,#FFF7F7,#08FFC8,3670
#393E46,#00ADB5,#ECE8D9,#F8B500,3669
#3A0077,#8983F3,#A5F2E7,#FFFCEA,3666
#FFDED5,#ACBDC5,#52686A,#314A52,3660
#7A6552,#283644,#4D727E,#FBE0D8,3654
#FADA7A,#F5F0CD,#578FCA,#3674B5,3650
#93D9A3,#CDF3A2,#ED8E7C,#A03C78,3649
#BC7C7C,#E4C087,#F6EFBD,#A2D2DF,3648
#EAEA7F,#FDAF75,#F24A72,#333C83,3635
#FFC1B4,#F38C79,#007074,#034C53,3631
#FD5F00,#05004E,#76B39D,#F9F8EB,3621
#F2F2F2,#CDBE78,#066163,#383838,3612
#1ABB9C,#5F1854,#3B0944,#F7F7F7,3611
#DADBBD,#6EBF8B,#D82148,#151D3B,3606
#FFF8D4,#A3B087,#435663,#313647,3595
#FFFB73,#FFA33C,#B15EFF,#3D30A2,3586
#272E4F,#2C365D,#FF5E3A,#F2F2F0,3576
#304463,#7D8ABC,#FFC7ED,#FFF8DB,3575
#3C3C3C,#11999E,#6DECB9,#F4F4F4,3574
#FFE4B3,#9DD3CC,#FA8383,#CA3E6B,3573
#B9D2D2,#62A388,#055E68,#343434,3550
#EDEDED,#F1D18A,#F73859,#232931,3519
#556FB5,#E4508F,#AEDDCD,#FFFEEC,3511
#6E7DA2,#DB996C,#AEDADD,#FCF8F3,3506
#FCDC74,#91CEFF,#0060CA,#090089,3498
#1B435D,#78BBE6,#D5EEFF,#FF895D,3490
#EF255F,#FCCF4D,#49BEB7,#085F63,3487
#FFE7CC,#E1CEB5,#083AA9,#002E94,3486
#BDC6B8,#EBF5EE,#BCE0DA,#921224,3481
#2E383F,#07617D,#F9A828,#ECECEB,3479
#42291C,#3F5468,#B8E4C9,#E9FADD,3479
#F7E9E3,#FFC0C2,#23A393,#20716A,3453
#FDB44B,#00BBF0,#005792,#00204A,3452
#F75A5A,#FFA955,#FFD63A,#6DE1D2,3448
#F7F39A,#A3DE83,#239D60,#212125,3427
#F3F3F3,#FFDD7E,#23B1A5,#E95280,3415
#40514E,#2F89FC,#30E3CA,#F5F5F5,3409
#393737,#4D6DE3,#C7EEFF,#F1FCFD,3405
#B05A7A,#C27664,#E4C988,#84D2C5,3405
#FFE981,#65DAF7,#75C2F6,#448EF6,3397
#FBC490,#CD8D7B,#687466,#084177,3365
#FE4F2D,#015551,#57B4BA,#FDFBEE,3358
#E8EFEB,#ADEECF,#E9B0DF,#295939,3357
#F3F3F3,#86C4BA,#CEDEBD,#411F1F,3339
#55AE95,#3F4D71,#FD7792,#FFAC8E,3332
#EE4E4E,#FFC700,#FFF455,#219C90,3327
#DAA592,#F0E3C4,#F1F0D1,#AEEFF0,3319
#F3A26D,#FF7601,#FCECDD,#00809D,3310
#FF895D,#D5EEFF,#78BBE6,#1B435D,3307
#2D334A,#0C9463,#FAB696,#FBE3B9,3302
#555151,#57A99A,#76DBD1,#ECF4F3,3290
#FFAB5E,#FF7844,#A64942,#23425F,3286
#4C7B8B,#23486A,#3B6790,#EFB036,3280
#808B97,#78B7BB,#FFF1C1,#FBFBFB,3277
#D7D7D7,#447D9B,#273F4F,#FE7743,3275
#4E3440,#BB7171,#FFCBCB,#C1F6E7,3269
#F5EBEB,#3AB1C8,#2772DB,#070F4E,3259
#FFA323,#FF6337,#002F35,#004A2F,3257
#FCFDF2,#FFE9B1,#7743DB,#3B3486,3251
#F6E1B8,#C65F63,#84577C,#333644,3248
#FDE3D9,#F9AD8D,#F47645,#7ACFDF,3238
#723881,#E0E0E0,#FFFFFF,#61F2F5,3227
#C98C70,#E3B587,#456672,#314357,3226
#EEEEEE,#7A3E3E,#482121,#47A992,3221
#A1C2F1,#5A96E3,#0A6EBD,#E7CEA6,3221
#F2F3F3,#F3A953,#366ED8,#064ACB,3213
#DA9833,#3C70A4,#64B2CD,#D9EEEC,3210
#D9D872,#58B368,#009975,#454D66,3210
#FC9918,#F14A16,#35589A,#370665,3209
#EEEEEE,#BFDCE5,#3E54AC,#AD7BE9,3206
#D9FAFF,#005792,#00204A,#FD5F00,3200
#FFFBCA,#AEEA94,#B771E5,#4635B1,3199
#D2EBE9,#ED8240,#90303D,#230444,3192
#3DC7BE,#364857,#334252,#F75940,3188
#EEF0F2,#FFAF87,#13293D,#0D7E83,3182
#004A55,#A7CDCC,#F6F6F6,#F87D09,3168
#583131,#FC6E5E,#E3F3F7,#B0DEDB,3166
#0D1B4C,#3F6699,#78C2C3,#F3ECC8,3161
#F8D99B,#F8A79B,#E45171,#002C6A,3156
#C3B9EA,#B4E8C0,#EBFFAF,#EE9494,3149
#1E2A78,#F9FF21,#FFD615,#FF1F5A,3147
#EFF396,#74E291,#59B4C3,#211C6A,3145
#FDBE34,#10316B,#0B409C,#F2F7FF,3144
#3120E0,#3B9AE1,#21E1E1,#F0EABE,3131
#F39C9C,#008698,#29CDB5,#E0FFFB,3130
#FA360A,#EFDDB2,#1D556F,#288FB4,3129
#F5F5F5,#E2D784,#05595B,#062C30,3123
#000000,#226089,#4592AF,#E3C4A8,3121
#24009C,#0028FF,#10EAF0,#F1F4DF,3109
#EDEDED,#68868C,#405559,#3E3E3E,3107
#E5F6C6,#ABD4C1,#7E858B,#5D414D,3094
#F6ECA9,#C6CF9B,#596FB7,#11235A,3092
#9870FC,#ADD1FC,#B7F5DE,#DFFCB5,3082
#E4E4E4,#8CCBBE,#3797A4,#FCF876,3081
#F4F4F4,#00B7B5,#018790,#005461,3081
#89C4FF,#FFFA62,#FFCF7F,#FF9090,3079
#FF7E67,#35495E,#347474,#42B883,3078
#1E93AB,#DCDCDC,#F3F2EC,#E62727,3073
#952E4B,#FF5D5D,#FBE4C9,#84B9EF,3064
#FF9E74,#EE5A5A,#B31E6F,#22EACA,3060
#DC3C22,#EAC8A6,#FBF5DE,#3D74B6,3056
#084594,#085E7D,#008E89,#FFD32D,3052
#F6D887,#C7753D,#A9294F,#6F9EAF,3050
#072541,#5272F2,#F8BDEB,#FBECB2,3050
#F5F5F5,#A9C52F,#2C5D63,#283739,3049
#DC552C,#404969,#BDE4F4,#F5FEFF,3049
#DEE1EC,#EAC100,#0B8457,#10316B,3048
#FF5722,#EDEBCA,#FAF9F0,#121435,3047
#3F8F8D,#5DC0A6,#F6B8D1,#FFD3DE,3047
#117554,#6EC207,#FFEB00,#4379F2,3046
#F4EEEE,#9EF5CF,#51DACF,#0C4762,3045
#85CFCB,#219897,#3B2C85,#2C2828,3040
#F5F5F5,#A9C52F,#228896,#283739,3039
#009378,#1EE494,#F6F6F6,#FC8A15,3037
#301781,#615DEC,#76E2F4,#F4F4EC,3033
#A3F7BF,#00ADB5,#5D5D5D,#423737,3029
#FAF9F0,#1DCED8,#000249,#F6490D,3025
#FFFA9D,#41C5D3,#09A8FA,#626EEF,3020
#FDF0E0,#E6CBA8,#2146C7,#0008C1,3017
#20194A,#512E5E,#F40968,#FDEA2E,3015
#E5D549,#1768AC,#2541B2,#03256C,3014
#FFD00C,#FC5050,#D1E9EA,#415F77,3009
#F7B32D,#DE3C3C,#C00000,#F8F9FC,3008
#001F52,#A10054,#FF8D68,#FFECBA,3004
#3E215D,#284E78,#5D8233,#ECD662,2995
#FDB44B,#448EF6,#005792,#00204A,2984
#239F95,#FABC74,#EB5F5D,#BB1542,2979
#524C84,#D65D7A,#FFF9AF,#92E6E6,2977
#E58CDB,#F4ADAD,#92A4C0,#87E5DA,2972
#222831,#393E46,#FCDA05,#FFFBE0,2966
#F5F2E7,#2666CF,#395B64,#2C3333,2966
#000000,#414141,#A287F4,#12E6C8,2965
#FFBC4C,#FFDE63,#FEFFC4,#799EFF,2958
#984A59,#FF8F56,#E7EFF3,#8EA6B4,2947
#FF502F,#004D61,#348498,#5BD1D7,2942
#E3D2C3,#EAEAEA,#2DAA9E,#66D2CE,2932
#F96D15,#45969B,#50B6BB,#F8F8F8,2913
#FFBD74,#FFFA9D,#D78BFF,#76D3FF,2909
#FFB174,#EE5A5A,#B31E6F,#22EAAA,2906
#D5DAEB,#EE4266,#1C1259,#FCD307,2906
#F5FFC9,#B3E5BE,#A86464,#804674,2904
#C6F1D6,#FFBA92,#FF8080,#1FAB89,2894
#F9C535,#E04462,#334854,#EFECEA,2888
#86B0BD,#D1D3D4,#FFF0DD,#E2A16F,2887
#68BDE1,#F0F0E4,#DB5F29,#7B3C3C,2877
#6C4343,#E09664,#FDDF97,#364968,2867
#F3ECC8,#F73859,#283149,#404B69,2861
#FFEDA3,#39A9CB,#2940D3,#232323,2858
#F9F2D7,#F2DEA8,#21294C,#141829,2853
#4756CA,#3186B2,#0FC9E7,#FCFCFC,2850
#F6FFD2,#3AA3C1,#283996,#260980,2847
#CFE3FF,#FCCE9E,#FD72AD,#A561FF,2846
#984A59,#FF8F56,#FFF1A8,#2D5C7F,2830
#6FA4AF,#B8C4A9,#F4E9D7,#D97D55,2830
#ADACA7,#04536C,#003355,#FF5200,2821
#6E9086,#FDC8B7,#DE356A,#540E33,2821
#64CCDA,#F9B282,#DE6B35,#8F4426,2820
#FFFD95,#1C7947,#39A388,#2C2891,2818
#3D0301,#B03052,#D76C82,#7ED4AD,2816
#F4EDCC,#A4CE95,#6196A6,#5F5D9C,2815
#7986C7,#F6F6F6,#FFEA85,#F73F52,2813
#FF5656,#FFA239,#FEEE91,#8CE4FF,2809
#FFFCBF,#1FDEDB,#317AE1,#1333A6,2808
#F2DEBA,#2DCDDF,#3C79F5,#6C00FF,2788
#FF8246,#373A6D,#6FC2D0,#BEEEF7,2773
#F0D879,#E7475E,#E6E6E6,#248888,2772
#00136C,#DB3951,#F87D42,#C3F1FF,2751
#9AE66E,#E59934,#753188,#2C272E,2743
#BEF992,#5FB9B0,#413D65,#2B1F31,2740
#FFF024,#FF004D,#7E2553,#1D2B53,2738
#405983,#31BCCC,#E3F8FF,#FFDD83,2728
#EBD8B2,#A5C0DD,#6C9BCF,#654E92,2727
#228C7B,#F6C523,#F6F3A7,#F30E5C,2717
#FF9900,#F1F2F3,#FD367E,#3E4377,2707
#E0D9D9,#5A9690,#2F5755,#432323,2698
#A4D1C8,#537D91,#584B42,#F77754,2694
#EBE59B,#ABCDCB,#E78775,#C84361,2688
#FFF2EF,#FFDBB6,#F7A5A5,#1A2A4F,2686
#E3D095,#7965C1,#483AA0,#0E2148,2685
#D5E7B5,#72BAA9,#7E5CAD,#474E93,2669
#FFE3A9,#8CCDEB,#725CAD,#0B1D51,2666
#FCF594,#FF7A8A,#52437B,#010059,2663
#E7ED9B,#8BDB81,#ED5EDD,#6A5495,2659
#E9D2B3,#9BB4DA,#1160AA,#161D6E,2654
#FFE8DB,#739EC9,#5682B1,#000000,2653
#F59D2A,#EE7738,#2C3D4F,#34495D,2651
#E8E2DB,#FAB95B,#547792,#1A3263,2647
#171332,#2A5D67,#EEEEEE,#4AE3B5,2642
#0BA6DF,#EBEBEB,#FAA533,#EF7722,2634
#60366F,#5F72B2,#6FA3A9,#FFDAA9,2626
#F1F8FD,#F6C667,#007CB9,#005689,2624
#32424A,#4586FF,#01ECD5,#F5F5F5,2619
#F12D2D,#EFE891,#F6F6F6,#3F52E3,2610
#F1F8FD,#F6C667,#C70039,#900C27,2599
#3E615B,#528078,#FEC100,#EBEBEB,2596
#33354A,#20C1BD,#74DAC6,#FBFFA8,2582
#D34C26,#053220,#144C52,#ADCCC7,2578
#E3EEB2,#71C0BB,#4E6688,#332D56,2575
#406661,#57D131,#B9E937,#F5F5F5,2563
#F0F3F3,#CEECF0,#FF7777,#F9FA9B,2561
#10828C,#0E3047,#F97300,#F8F5E4,2558
#EAE7AF,#A72693,#241663,#160F30,2557
#A2E4A2,#A980E4,#F59AF0,#FDFFA3,2554
#EAE1E1,#978D58,#03051E,#0B5269,2554
#8EA5EB,#F5EFE8,#FFDD00,#F6378F,2552
#FA0559,#A93199,#43C0AC,#EAEC96,2552
#FFCE63,#10316B,#0B409C,#F2F7FF,2551
#FFF6B3,#F6C794,#6A80B9,#155E95,2534
#8F1537,#C7004C,#FFAAAA,#CDFFEB,2527
#80185F,#FA67AB,#F7E6B5,#19215E,2520
#F7AA00,#C7F2E3,#87E5DA,#DB2D43,2519
#FFF8F8,#E9DFC3,#1B56FD,#0118D8,2516
#EEEEEE,#219B9D,#4C1F7A,#FF8000,2515
#2B2726,#0A516D,#018790,#F77754,2509
#60204B,#ED3833,#63AABC,#F9F3EC,2508
#512C62,#C93838,#F75F00,#43AB92,2488
#5E227F,#F8B500,#D22780,#F2F4FB,2484
#FF502F,#49BEB7,#32DBC6,#EBEFD0,2468
#FAF7F2,#2BB3C0,#161C2E,#EF6C35,2458
#B3BFFF,#DD7BDF,#FFBBE1,#FFF58A,2457
#393E51,#566683,#CA6144,#E9E6C9,2455
#FA6868,#FAAC68,#FACE68,#5A9CB5,2453
#F78536,#DFEBED,#497285,#2B4450,2446
#9FC87E,#075B5E,#FFE6E1,#FF3F33,2444
#5D13E7,#7AD9F5,#BDF2D5,#F6F6F6,2441
#730068,#434982,#01D28E,#F6F078,2439
#FFF1C1,#FE5F55,#A64942,#293462,2439
#212121,#3A4042,#50717B,#8ECCCC,2438
#96E5D1,#C55300,#D07000,#A62349,2438
#032535,#61234E,#FF5858,#EBFFFB,2437
#FF895D,#D5EEFF,#007CB9,#005689,2428
#2D7D8F,#8DED8E,#F7FB76,#FA5555,2419
#F8DF8B,#E1578A,#A9333A,#090910,2418
#F8F6F6,#3FD1CB,#2F24C1,#4D12EE,2404
#7572F4,#FF3E6D,#FF7BB0,#FFF3A3,2398
#E9F6F5,#D3E0E2,#85C8DD,#F1684E,2395
#EDB88B,#CD5334,#2E282A,#17BEBB,2395
#6D0AD3,#0098EF,#00CF95,#D1FFA2,2387
#09194F,#00818A,#F9CE00,#FDFDEB,2387
#F6E4B5,#AB1212,#CD3131,#1FAD9F,2379
#44FADD,#B767FF,#534C98,#FFEE7D,2367
#EFA35C,#FAFCCB,#4AB8B8,#1B3764,2364
#B7ABFB,#85FEDE,#6FE8C8,#FEFF9A,2354
#5C3C10,#A2792F,#F7CA44,#D5EEFF,2353
#140303,#1E6B7F,#259F6C,#FAFCD6,2347
#50BDA1,#E85F99,#F18867,#65587F,2347
#444444,#61D2DC,#41B3D3,#E4E4E4,2343
#EEEEEE,#DDDDDD,#2A4759,#F79B72,2343
#E6F7F7,#44558F,#FFC97B,#FFE495,2341
#621E81,#257AA6,#00BDAA,#EAEAEA,2339
#F9E3A3,#EEC550,#203E5F,#1A2634,2337
#FFF5F5,#B2D430,#1A8B9D,#000000,2337
#F0F0F0,#F9E75E,#FF5F5F,#333366,2336
#FCF594,#FDBFB3,#107595,#010059,2336
#27B1BE,#FACC2E,#ECECEC,#F5F5F5,2327
#EEEEEE,#2E97A7,#1AACAC,#362FD9,2325
#F6C667,#AB1212,#CD3131,#1FAD9F,2321
#DE703C,#FBB040,#506F86,#2F3C4F,2320
#B5525C,#105E62,#6BC5D2,#D2FAFB,2309
#FFE37F,#00A6E7,#2F4BFF,#002BDC,2306
#415B90,#2CA4BF,#A5E9DB,#F8ED86,2296
#FFE196,#D8B5B5,#EC7373,#05DFD7,2291
#F6E7BC,#0AC4E0,#0992C2,#0B2D72,2279
#FEE5B1,#FFCC00,#203E5F,#1A2634,2269
#DDBA7D,#CF4B00,#FCF6D9,#9CC6DB,2260
#F7BE7F,#D1EBFE,#4ED99C,#2AAF74,2255
#F8E4DD,#B0B8B4,#75597D,#D4A2BE,2247
#4B4848,#6078EA,#17EAD9,#FAF8F8,2247
#536493,#D4BDAC,#FFF1DB,#88C273,2242
#DE703B,#FCB040,#506E86,#2F3C4F,2240
#F3ECD3,#51E3D4,#474F85,#F3F9FB,2240
#F6F5F5,#F9E2AF,#009FBD,#4A249D,2239
#EB5B00,#143D60,#A0C878,#DDEB9D,2237
#3C3352,#359768,#A7D46F,#FFED8F,2229
#FF9B51,#25343F,#BFC9D1,#EAEFEF,2225
#0900C3,#0075F6,#FFCE76,#1D1919,2223
#2B4353,#E8630A,#9CD3D3,#B6E1E0,2220
#FFF3B1,#FDCB6E,#7B88FF,#6C5CE7,2219
#F96E5B,#FFE2AF,#79C9C5,#3F9AAE,2215
#54878F,#7BC0A3,#E6E696,#D5AB9C,2212
#8559A5,#00BDAA,#A1DD70,#EAEAEA,2212
#E0E0E0,#A2C11C,#2C5D63,#283739,2205
#7EACB5,#FFF4EA,#EDDCC6,#BF4646,2203
#B5525C,#105E62,#41AAA8,#A2EAE2,2200
#303841,#3A4750,#EA9215,#EEEEEE,2193
#503BFF,#8293FF,#E4E4E4,#FFFFD2,2190
#212121,#665C84,#71A0A5,#FAB95B,2190
#3A3960,#5E686D,#A9BFA8,#FAFFC5,2186
#B89068,#F7DDA4,#464D5C,#567582,2175
#E6E9AF,#8EA3A6,#605EA1,#22177A,2168
#4F323B,#6BA083,#BCFFA8,#F6FFCD,2161
#EFEDBB,#882042,#CD5555,#DBF1F2,2158
#F34573,#226B80,#35B0AB,#C5F0A4,2157
#FDEB9E,#006A67,#003161,#000B58,2155
#DED473,#F7FDB1,#C8E8ED,#D1D1D1,2150
#1C325B,#6A669D,#9ABF80,#E5E3D4,2146
#FFECD3,#FFB0FE,#FF6BD6,#1B335F,2145
#9764C7,#099A97,#15CDA8,#F1E4E4,2134
#F0FC93,#7AB7FF,#828BFF,#6251DA,2129
#E8FCF6,#FFF07A,#A2EF44,#08085E,2128
#FF9013,#F5F1DC,#73C8D2,#0046FF,2120
#E37434,#F6F3C2,#4B9DA9,#91C6BC,2113
#FFE2AD,#F29696,#4C657E,#36413D,2106
#34495E,#3498DB,#ECF0F1,#F8C957,2101
#F3E595,#2F3E75,#EB7878,#D0EFB5,2098
#F7F3F3,#C1EAF2,#5CC2F2,#191BA9,2091
#F57665,#8B4C8C,#45B7B7,#D1F6C1,2090
#F5F5F5,#FFD66B,#80D8C3,#4DA8DA,2084
#A7D7C5,#74B49B,#693E52,#1C1124,2081
#2B4450,#497285,#DFEBED,#F78536,2054
#FFC12D,#65589C,#544D7E,#43496E,2050
#6FC1A5,#FFC0AD,#E78FB3,#594A4E,2050
#112F91,#1B7FBD,#23EAE6,#F6EF98,2041
#F6F6F6,#F6EC72,#09A599,#1684A7,2038
#FFF8D5,#B4ECE3,#8479E1,#733C3C,2034
#FF06B7,#3C2C3E,#4B5D67,#BDF2D5,2034
#42CFC4,#CD0A0A,#FF5656,#FFFBAF,2033
#EAEF9B,#24BABC,#4E3188,#22213D,2032
#FFF78F,#94D2E6,#F16F6F,#C1224F,2022
#9D4545,#77B5A6,#ACE6C0,#D7FFDF,2020
#ED7575,#BE6283,#40DAB2,#B7E778,2019
#F3E5B1,#9DD5CB,#013C4D,#D5441C,2007
#C1867B,#74698C,#9AB5C1,#EBEDC8,2005
#F5F1DC,#FF8040,#0046FF,#001BB7,1989
#974949,#C56868,#8BD5CB,#EDFFFA,1988
#FE7F2D,#233D4D,#215E61,#F5FBE6,1980
#F7F7F7,#1ABB9C,#8B104E,#5F1854,1975
#5357A6,#7E94BF,#A7CBD9,#F0F2AC,1965
#ECF3F6,#EAB64D,#127C56,#3D262A,1950
#000000,#E8647C,#EC9B3B,#47E4BB,1949
#6F7777,#72B896,#CD4439,#F7DEAD,1947
#F6E8E8,#887575,#213458,#1D7D81,1947
#EEEEEE,#468A9A,#541212,#0F0E0E,1940
#78D8D0,#A1F6B6,#FAF99F,#D65F5F,1935
#383746,#3B445B,#49D292,#E8F79A,1930
#3A3D44,#0D8549,#F9C11C,#B2085D,1926
#DEE0D9,#6B76FF,#FFE5AE,#FF62A5,1917
#FDFAD9,#C1E2A4,#86D293,#6256CA,1916
#F7FFCD,#BADF96,#693E52,#1C1124,1909
#9BC09C,#DC2525,#901E3E,#511D43,1907
#2C2C2C,#612D53,#853953,#F3F4F4,1900
#7692E4,#A9E6E6,#F2F062,#E67676,1898
#2657C1,#1FA8CF,#FCD59B,#F7F7F7,1880
#373640,#3F4C48,#95977A,#FFD7BE,1871
#EDE68A,#B0A565,#383A56,#2F3032,1868
#E1E099,#C327AB,#521477,#070739,1860
#E9D498,#9F71DB,#5D6EC7,#2A528A,1851
#EACF79,#90B2E4,#638CCC,#31588A,1838
#1C0C59,#362391,#5853BC,#F6EB9A,1837
#4A4A4A,#6F6F6F,#8FECC8,#FF395E,1834
#FCBF49,#F77F00,#D62828,#003049,1834
#C57F1E,#E7A117,#2F3847,#222832,1833
#DD7C1B,#E7E6FC,#2F89FC,#2B007B,1828
#2931B3,#1874C3,#2AA9D2,#EFFF9D,1821
#53D397,#F7F9FF,#FF7A5C,#D1478C,1815
#295BA7,#94AC3C,#FCC314,#EEEEEE,1814
#621295,#C40B13,#F69314,#DADDDF,1813
#15005D,#005585,#FFA96A,#FFD3AD,1802
#F6F1F8,#C1EA9F,#BB8FA9,#70198A,1799
#FCC97B,#FAFB97,#5F4E9E,#402785,1795
#9AD1AA,#60A0B0,#6D6087,#634258,1792
#906387,#5B446A,#4C9173,#7DD87D,1782
#A45FE6,#7A8CF0,#7BE77E,#F8FF95,1753
#7ECFC0,#F2E3C9,#EF4B4B,#FA5477,1752
#306D75,#4AA3BA,#A8E4B1,#DA5C53,1749
#C4F080,#3CB29A,#266D98,#422B72,1743
#866770,#5E4949,#C96868,#C1E8DA,1742
#50C4ED,#387ADF,#FCE850,#FBA834,1726
#FFD944,#94DD4D,#49B47E,#54447B,1726
#E97F4A,#F7E396,#607B8F,#434E78,1723
#FF7444,#FFF8DE,#B7BDF7,#576A8F,1709
#6E3274,#3B6AC0,#60E550,#FFFD75,1702
#DAFA8B,#F85ACA,#6341B4,#442D7C,1686
#FFFCBF,#03D6D2,#046FDB,#062D92,1684
#EFE784,#6CBBB3,#AE7C7C,#3E3838,1677
#44FADD,#534C98,#B767FF,#FFEE7D,1668
#EC8F8D,#537D96,#44A194,#F4F0E4,1667
#C1785A,#305669,#8ABEB9,#B7E5CD,1663
#DDDDC7,#70D4B4,#B51A62,#3D065A,1657
#F3F1F1,#1AD7DB,#1297BD,#5F2F14,1653
#FFFDBB,#F4F4F4,#24BDDF,#211572,1647
#E6E993,#26C6D0,#604FDD,#3A3A62,1643
#66D0BC,#3A8B95,#FF88BA,#FF3E9B,1643
#D2EBA7,#74CC7E,#019081,#1D0251,1641
#FF986A,#F16D34,#161E54,#BBE0EF,1636
#0F117A,#389168,#12E2A3,#DDF516,1628
#EEEEEE,#E4DCAD,#181810,#062121,1587
#134E8E,#FFB33F,#FF4400,#C00707,1574
#EDF7BD,#85C79A,#4E8D9C,#281C59,1574
#E4FF30,#008BFF,#5B23FF,#362F4F,1566
#DE1B4A,#18224B,#5A37C3,#F4E022,1563
#C66E52,#E9B63B,#ECD5BC,#758A93,1554
#FFE578,#DEDEDE,#48C0D3,#211572,1550
#574B9B,#6A7FF5,#9CE3CF,#F7F4EA,1549
#ECF0F1,#FCC29A,#3498DB,#33425B,1521
#C9CDCF,#FAD691,#ED775A,#E4004B,1517
#174143,#427A76,#F9B487,#F5E5E1,1502
#1A3263,#547792,#EFD2B0,#FFC570,1499
#363863,#635270,#C98B70,#F8E796,1497
#D0F0F7,#71647C,#4C5374,#F1E58A,1482
#F7F7F7,#FCC61D,#C59560,#3338A0,1456
#D1855C,#E5BA41,#94A378,#2D3C59,1453
#F2AEBB,#5459AC,#393D7E,#6DC3BB,1449
#F15C5C,#B84A39,#6F3826,#D6ECFA,1448
#458B73,#FFD150,#FF9760,#F26076,1437
#E6E6E6,#F7B980,#ED985F,#001F3D,1426
#5847AD,#8293E3,#DDE9F8,#F7B449,1417
#9C4B9E,#9E7EFF,#76E7C7,#F7FA86,1383
#FFB44A,#FBFF67,#88E570,#776AE3,1374
#475762,#FBD490,#00AD7C,#ECEFF4,1373
#E5C95F,#1055C9,#05339C,#41A67E,1371
#F1FF5E,#3A9AFF,#261CC1,#1C0770,1365
#482FF7,#2D6CDF,#46C3DB,#F3F169,1363
#2C687B,#8CC7C4,#FFF6F6,#DB1A1A,1359
#F1FEA4,#375FC0,#1C44AC,#151680,1358
#73A5CA,#FEFDDF,#FFC81E,#E87F24,1355
#F9CC7B,#6DB3B5,#3482AA,#2B3964,1350
#DFDFDF,#FFBE00,#005542,#1C819E,1340
#2B2A2A,#5A7ACD,#FEB05D,#F5F2F2,1324
#D5E7B5,#72BAA9,#AE2448,#6E1A37,1315
#A2EF44,#31AA75,#FCD47D,#B23256,1312
#9AEDF4,#75BEDA,#522E24,#804D3B,1288
#FF771B,#5A4DB2,#7D8DF6,#D2D4D6,1278
#CFFFFF,#9FE6DC,#7FC5CA,#764F51,1268
#36292C,#4D424D,#7F7E90,#E1DFBA,1255
#111FA2,#5478FF,#53CBF3,#FFDE42,1254
#E1BF7F,#C65F63,#84577C,#333644,1228
#E95D35,#FFC55C,#FFFFC3,#272E6E,1223
#FFD23E,#FCF769,#6DB7CA,#6163D3,1223
#A16D28,#C78A3B,#EAA64D,#0D5EA6,1193
#765A60,#B67CCF,#93C4FF,#BDF9F7,1177
#3A4874,#478077,#91CA62,#F0F08E,1175
#D68D08,#FCB241,#5A67A6,#A099FF,1165
#D12052,#F45B26,#F8DE22,#03AED2,1157
#B35656,#F6F09F,#BED4CB,#87B6BC,1139
#F7F36B,#41C3BE,#2A769A,#513C3C,1137
#685AFF,#9CCFFF,#F0FFC3,#FF5B5B,1133
#312F44,#4C74C9,#50CB86,#F5FF8D,1073
#FFDE68,#FCFF90,#5CA9FF,#7C6FFF,1067
#19483F,#5C868E,#9ED0E0,#FF6A38,1039
#FFF19B,#F8843F,#DA3D20,#3D45AA,1009
#4A2B13,#68848B,#FFA849,#FFFBB7,1004
#36064D,#DA4848,#76D2DB,#F7F6E5,976
#6B3278,#9D4DFF,#69AEFF,#E0F6AA,955
#4E61D3,#CFADC1,#E9D484,#F4F754,951
#679CEB,#4366A9,#F1B149,#FFF56C,916
#E76F2E,#3E2C23,#F5E9D8,#2FA4D7,905
#F08D39,#F3BE7A,#5E7AC4,#3852B4,904
#F8F3B6,#DAB784,#54567A,#EE8374,901
#352771,#5E89EF,#BAD4F9,#F7F5B2,863
#FFE087,#FA4848,#20236D,#5639A6,823
#CDD582,#F9F194,#4C5FB1,#2C2955,795
#D6F7F8,#F0E449,#EC952E,#D14848,783
#ECFFB1,#82CEDA,#9973E2,#3E6545,756
#67BA6D,#D7F096,#6151BB,#8AACFF,743
#9DF0AC,#60C2A4,#605CB8,#DBEF98,701
